{"cameraMode":{"drawMode":0,"name":"Shaded","section":"Shading Mode"},"sceneLighting":true,"audioPlay":false,"sceneViewState":{"showFog":true,"showMaterialUpdate":false,"showSkybox":true,"showFlares":true,"showImageEffects":true,"showParticleSystems":true},"in2DMode":false,"pivot":{"x":20.634265899658204,"y":19.68755531311035,"z":38.00177001953125},"rotation":{"x":0.1897743046283722,"y":-0.4562133252620697,"z":0.10025180131196976,"w":0.8635998964309692},"size":51.76249313354492,"orthographic":false}