{"cameraMode":{"drawMode":0,"name":"Shaded","section":"Shading Mode"},"sceneLighting":true,"audioPlay":false,"sceneViewState":{"showFog":true,"showMaterialUpdate":false,"showSkybox":true,"showFlares":true,"showImageEffects":true,"showParticleSystems":true},"in2DMode":false,"pivot":{"x":16.979055404663087,"y":8.838071823120118,"z":-6.770048141479492},"rotation":{"x":0.1322365701198578,"y":-0.31244346499443056,"z":0.043969497084617618,"w":0.9396591782569885},"size":20.983543395996095,"orthographic":false}