{"cameraMode":{"drawMode":0,"name":"Shaded","section":"Shading Mode"},"sceneLighting":true,"audioPlay":false,"sceneViewState":{"showFog":true,"showMaterialUpdate":false,"showSkybox":true,"showFlares":true,"showImageEffects":true,"showParticleSystems":true},"in2DMode":false,"pivot":{"x":3.809755325317383,"y":-0.9938287734985352,"z":-5.018366813659668},"rotation":{"x":0.23166395723819734,"y":-0.38524967432022097,"z":0.10055229067802429,"w":0.8875831365585327},"size":22.091344833374025,"orthographic":false}