{"cameraMode":{"drawMode":0,"name":"Shaded","section":"Shading Mode"},"sceneLighting":true,"audioPlay":false,"sceneViewState":{"showFog":true,"showMaterialUpdate":false,"showSkybox":true,"showFlares":true,"showImageEffects":true,"showParticleSystems":true},"in2DMode":false,"pivot":{"x":-5.655798435211182,"y":9.752391815185547,"z":21.035987854003908},"rotation":{"x":-0.15093593299388886,"y":0.06134382635354996,"z":-0.00938468985259533,"w":-0.9865937829017639},"size":121.47118377685547,"orthographic":false}