{"cameraMode":{"drawMode":0,"name":"Shaded","section":"Shading Mode"},"sceneLighting":false,"audioPlay":false,"sceneViewState":{"showFog":true,"showMaterialUpdate":false,"showSkybox":false,"showFlares":true,"showImageEffects":true,"showParticleSystems":true},"in2DMode":false,"pivot":{"x":-0.5427846908569336,"y":0.4238163232803345,"z":5.561826705932617},"rotation":{"x":0.3245827853679657,"y":-0.30568528175354006,"z":0.11172185093164444,"w":0.8880995512008667},"size":2.101417064666748,"orthographic":false}